-- MySQL dump 10.13  Distrib 8.0.29, for Linux (x86_64)
--
-- Host: localhost    Database: quiz_game
-- ------------------------------------------------------
-- Server version	8.0.31-0ubuntu0.20.04.2

/*!40101 SET @OLD_CHARACTER_SET_CLIENT=@@CHARACTER_SET_CLIENT */;
/*!40101 SET @OLD_CHARACTER_SET_RESULTS=@@CHARACTER_SET_RESULTS */;
/*!40101 SET @OLD_COLLATION_CONNECTION=@@COLLATION_CONNECTION */;
/*!50503 SET NAMES utf8 */;
/*!40103 SET @OLD_TIME_ZONE=@@TIME_ZONE */;
/*!40103 SET TIME_ZONE='+00:00' */;
/*!40014 SET @OLD_UNIQUE_CHECKS=@@UNIQUE_CHECKS, UNIQUE_CHECKS=0 */;
/*!40014 SET @OLD_FOREIGN_KEY_CHECKS=@@FOREIGN_KEY_CHECKS, FOREIGN_KEY_CHECKS=0 */;
/*!40101 SET @OLD_SQL_MODE=@@SQL_MODE, SQL_MODE='NO_AUTO_VALUE_ON_ZERO' */;
/*!40111 SET @OLD_SQL_NOTES=@@SQL_NOTES, SQL_NOTES=0 */;

--
-- Table structure for table `category`
--

DROP TABLE IF EXISTS `category`;
/*!40101 SET @saved_cs_client     = @@character_set_client */;
/*!50503 SET character_set_client = utf8mb4 */;
CREATE TABLE `category` (
  `category_id` int NOT NULL AUTO_INCREMENT,
  `category_name` varchar(50) CHARACTER SET utf8mb3 COLLATE utf8mb3_general_ci NOT NULL,
  `category_image` varchar(150) CHARACTER SET utf8mb3 COLLATE utf8mb3_general_ci NOT NULL,
  PRIMARY KEY (`category_id`),
  UNIQUE KEY `category_id_UNIQUE` (`category_id`)
) ENGINE=InnoDB AUTO_INCREMENT=6 DEFAULT CHARSET=utf8mb3 COLLATE=utf8mb3_bin;
/*!40101 SET character_set_client = @saved_cs_client */;

--
-- Dumping data for table `category`
--

LOCK TABLES `category` WRITE;
/*!40000 ALTER TABLE `category` DISABLE KEYS */;
INSERT INTO `category` VALUES (1,'Toán Học','https://i.pinimg.com/736x/67/b5/c4/67b5c435400fffd00867a93d1c14c501.jpg'),(2,'Lịch Sử','https://en.pimg.jp/048/768/731/1/48768731.jpg'),(3,'Khoa Học','https://img.freepik.com/free-vector/colourful-science-work-concept_23-2148539571.jpg?w=2000'),(4,'Câu Đố Vui','https://upload.wikimedia.org/wikipedia/commons/thumb/7/75/Jigsaw.svg/800px-Jigsaw.svg.png'),(5,'Ngôn Ngữ','https://assets.entrepreneur.com/content/3x2/2000/1632117135-370211-PBZD42-64.jpg');
/*!40000 ALTER TABLE `category` ENABLE KEYS */;
UNLOCK TABLES;

--
-- Table structure for table `question`
--

DROP TABLE IF EXISTS `question`;
/*!40101 SET @saved_cs_client     = @@character_set_client */;
/*!50503 SET character_set_client = utf8mb4 */;
CREATE TABLE `question` (
  `question_id` int NOT NULL AUTO_INCREMENT,
  `question` varchar(400) CHARACTER SET utf8mb3 COLLATE utf8mb3_general_ci DEFAULT NULL,
  `option1` varchar(200) CHARACTER SET utf8mb3 COLLATE utf8mb3_general_ci DEFAULT NULL,
  `option2` varchar(200) CHARACTER SET utf8mb3 COLLATE utf8mb3_general_ci DEFAULT NULL,
  `option3` varchar(200) CHARACTER SET utf8mb3 COLLATE utf8mb3_general_ci DEFAULT NULL,
  `option4` varchar(200) CHARACTER SET utf8mb3 COLLATE utf8mb3_general_ci DEFAULT NULL,
  `answer` varchar(200) CHARACTER SET utf8mb3 COLLATE utf8mb3_general_ci DEFAULT NULL,
  `category_id` int DEFAULT NULL,
  `explanation` varchar(400) CHARACTER SET utf8mb3 COLLATE utf8mb3_general_ci DEFAULT NULL,
  `image_url` varchar(100) CHARACTER SET utf8mb3 COLLATE utf8mb3_bin DEFAULT NULL,
  PRIMARY KEY (`question_id`),
  UNIQUE KEY `question_id_UNIQUE` (`question_id`),
  KEY `fk_question_1_idx` (`category_id`),
  CONSTRAINT `fk_question_1` FOREIGN KEY (`category_id`) REFERENCES `category` (`category_id`) ON DELETE CASCADE ON UPDATE CASCADE
) ENGINE=InnoDB AUTO_INCREMENT=90 DEFAULT CHARSET=utf8mb3 COLLATE=utf8mb3_bin;
/*!40101 SET character_set_client = @saved_cs_client */;

--
-- Dumping data for table `question`
--

LOCK TABLES `question` WRITE;
/*!40000 ALTER TABLE `question` DISABLE KEYS */;
INSERT INTO `question` VALUES (1,'Từ nào dưới đây là từ ghép?','Lúng liếng','Lung linh','Lụt Lội','Lung lay','Lụt Lội',5,' lụt lội là từ ghép',NULL),(2,'Từ ghép nào dưới đây không phải từ ghép đẳng lập','Bút máy','Trâu bò','Nhà cửa','Ruộng vườn','Bút máy',5,'Bút máy là từ ghép chính phụ',NULL),(3,'Từ nào dưới đây không phải từ láy toàn bộ?','Lung linh','Trăng trắng','Thăm thẳm','Xanh xanh','Lung linh',5,'Lung linh là từ láy bộ phận',''),(4,'Chữ “tử” trong từ nào sau đâu không có nghĩa là con','Tử tù','Nghịch tử','Thiên tử','Hoàng tử','Tử tù',5,'Tử trong từ tử tù có nghĩa là chết',NULL),(6,'Chữ “cổ” nào không đồng nghĩa với chữ “cổ” trong những từ còn lại?','Cổ tích','Cổ tay','Cổ thụ','Cổ kính','Cổ tay',5,'',NULL),(7,'Có mấy loại đại từ?','2 loại','3 loại','4 loại','5 loại','3 loại',5,'Có 3 loại đại từ chính: trỏ người, sự vật (gọi là đại từ xưng hô)/ đại từ trỏ số lượng và đại từ trỏ hoạt động, tính chất, sự việc',NULL),(8,'Đại từ “sao, thế nào” là đại từ dùng làm gì?','Để hỏi','Để trỏ số lượng','Để hỏi về hoạt động, tính chất, sự việc','Để hỏi về người, sự vật','Để hỏi về hoạt động, tính chất, sự việc',5,'',NULL),(9,'Xác định đại từ có trong câu “ Mình về mình có nhớ ta/ Ta về ta nhớ những hoa cùng người” là?','Mình, ta','Hoa, người','Nhớ','Về','Mình, ta',5,NULL,NULL),(10,'Xác định đại từ trỏ người trong ví dụ sau: “Đã bấy lâu nay bác tới nhà/ Trẻ thời đi vắng chợ thời xa” ?','Đã','Bấy lâu','Bác','Trẻ','Bác',5,NULL,NULL),(11,'Ai là tác giả của Sông núi nước Nam?','Tương truyền là Lý Thường Kiệt','Trần Quang Khải','Nguyễn Trãi','Nguyễn Du','Tương truyền là Lý Thường Kiệt',5,NULL,NULL),(12,'Nam quốc sơn hà được mệnh danh là?','Áng thiên cổ hùng văn','Bản tuyên ngôn độc lập đầu tiên của nước ta','Bản tuyên ngôn độc lập thứ hai của nước ta','Bài thơ có một không hai','Bản tuyên ngôn độc lập đầu tiên của nước ta',5,NULL,NULL),(13,'Thể thơ tác giả dùng để viết Nam quốc sơn hà là gì?','Song thất lục bát','Thất ngôn tứ tuyệt','Thất ngôn bát cú','Ngũ ngôn tứ tuyệt','Thất ngôn tứ tuyệt',5,NULL,NULL),(14,'Tình cảm và thái độ của người viết thể hiện trong bài thơ \"Sông núi nước Nam\"?','Tự hào về chủ quyền của dân tộc','Khẳng định quyết tâm chống xâm lăng','Tin tưởng tương lai tươi sáng của đất nước','Gồm 2 ý A và B','Gồm 2 ý A và B',5,NULL,NULL),(15,'Tác phẩm \"Phò giá về kinh\" được viết theo thể loại nào?','Thơ thất ngôn tứ tuyệt','Thất ngôn bát cú','Ngũ ngôn tứ tuyệt','Ngũ ngôn','Ngũ ngôn tứ tuyệt',5,NULL,NULL),(16,'Phò giá về kinh là tác phẩm của ai sáng tác?','Lý Thường Kiệt','Phan Bội Châu','Trần Quang Khải','Trần Nhân Tông','Trần Quang Khải',5,NULL,NULL),(17,'Khoảng 20 năm sau Chiến tranh thế giới thứ hai, Mĩ trở thành','trung tâm kinh tế - tài chính lớn nhất thế giới.','nước đầu tiên phóng thành công vệ tinh nhân tạo.','một trong ba trung tâm kinh tế - tài chính lớn của thế giới.','trung tâm kinh tế - tài chính thứ hai thế giới.','trung tâm kinh tế - tài chính lớn nhất thế giới.',2,'Khoảng 20 năm sau Chiến tranh thế giới thứ hai, Mĩ trở thành trung tâm kinh tế - tài chính lớn nhất thế giới.',NULL),(18,'Dấu hiệu nào chứng tỏ sau Chiến tranh thế giới thứ hai, Mĩ là trung tâm kinh tế - tài chính lớn nhất thế giới?','Sản lượng công nghiệp chiếm gần 40% tổng sản lượng công nghiệp thế giới.','Kinh tế Mĩ chiếm gần 40% tổng sản phẩm kinh tế thế giới.','Sản lượng nông nghiệp bằng hai lần Anh, Pháp, Tây Đức, Nhật, Italia cộng lại.','Chiếm hơn 50% số lượng tàu bè đi lại trên mặt biển.','Kinh tế Mĩ chiếm gần 40% tổng sản phẩm kinh tế thế giới.',2,'Sau Chiến tranh thế giới thứ hai, Mĩ là trung tâm kinh tế - tài chính lớn nhất thế giới. Biểu hiện bao trùm đó là kinh tế Mĩ chiếm gần 40% tổng sản phẩm kinh tế thế giới.',NULL),(19,'Nhận định nào dưới đây về thành tựu khoa học - kĩ thuật của Mĩ sau Chiến tranh thế giới thứ hai là sai ?','Mĩ là nước tiên phong trong việc chế tạo công cụ sản xuất mới','Mĩ là nước tiên phong trong việc tìm ra những vật liệu mới.','Mĩ là nước khởi đầu cuộc cách mạng xanh trong nông nghiệp.','Mĩ là nước đầu tiên phóng thành công vệ tinh nhân tạo.','Mĩ là nước đầu tiên phóng thành công vệ tinh nhân tạo.',2,'Nước đầu tiên phóng thành công vệ tinh nhân tạo là Liên Xô, không phải Mĩ.',NULL),(20,'Nội dung nào phản ánh tình hình kinh tế Tây Âu trong những năm 1945 - 1950?','Kinh tế lâm vào khủng hoảng trầm trọng.','Kinh tế tăng trưởng xen kẽ với khủng hoảng.','Kinh tế được phục hồi và đạt nước trước chiến tranh.','Kinh tế tăng trưởng nhanh chóng.','Kinh tế được phục hồi và đạt nước trước chiến tranh.',2,'Trong những năm 1945 – 1950, với sự cố gắng của từng nước và sự viện trợ của Mĩ theo khuôn khổ kế hoạch Mác san, kinh tế các nước Tây Âu cơ bản được phục hồi và đạt nước trước chiến tranh.',NULL),(21,'Sau Chiến tranh thế giới thứ hai, thái độ của các nước tư bản Tây Âu về vấn đề độc lập dân tộc ở các thuộc địa như thế nào ?','Đa số ủng hộ việc công nhận nền độc lập của các nước thuộc địa.','Tìm cách thiết lập chế độ thuộc địa kiểu mới đối với các nước thế giới thứ ba.','Tìm cách thiết lập trở lại ách thống trị trên các thuộc địa của mình trước đây.','Ủng hộ việc công nhận quyền tự trị của các thuộc địa.','Tìm cách thiết lập trở lại ách thống trị trên các thuộc địa của mình trước đây.',2,'Sau Chiến tranh thế giới thứ hai, các nước tư bản Tây Âu tìm cách thiết lập trở lại ách thống trị trên các thuộc địa của mình trước đây.',NULL),(22,'Tây Âu đã trở thành một trong ba trung tâm kinh tế - tài chính lớn của thế giới từ khi nào?','Thập niên 50 của thế kỉ XX.','Thập niên 60 của thế kỉ XX.','Thập niên 70 của thế kỉ XX.','Thập niên 80 của thế kỉ XX.','Thập niên 70 của thế kỉ XX.',2,'Từ thập niên 70 của thế kỉ XX, Tây Âu đã trở thành một trong ba trung tâm kinh tế - tài chính lớn của thế giới',NULL),(23,'Sau Chiến tranh thế giới thứ hai, lực lượng quân đội nước nào chiếm đóng Nhật Bản dưới danh nghĩa lực lượng Đồng minh ?','Anh','Liên Xô','Mĩ','Pháp','Mĩ',2,'Sau Chiến tranh thế giới thứ hai, quân đội nước Mĩ chiếm đóng Nhật Bản dưới danh nghĩa lực lượng Đồng minh.',NULL),(24,'Trong thời gian chiếm đóng tại Nhật Bản, Bộ Chỉ huy tối cao lực lượng Đồng minh đã làm gì ?','Thực hiện nhiều cải cách dân chủ về chính trị, kinh tế.','Xóa bỏ hoàn toàn bộ máy chính quyền ở Nhật Bản.','Bồi thường chiến phí cho các nước đã từng bị phát xít Nhật chiếm đóng.','Thực hiện dân chủ hoá nước Nhật, nhưng vẫn dung túng cho các thế lực quân phiệt hoạt động.','Thực hiện nhiều cải cách dân chủ về chính trị, kinh tế.',2,'Trong thời gian chiếm đóng tại Nhật Bản, Bộ Chỉ huy tối cao lực lượng Đồng minh đã thực hiện nhiều cải cách dân chủ về chính trị, kinh tế.',NULL),(25,'Chiến tranh thế giới thứ hai đã làm cho bao nhiêu người Nhật rơi vào tình trạng thất nghiệp?','12 triệu người.','13 triệu người.','14 triệu người.','14 triệu người.','13 triệu người.',2,'Chiến tranh thế giới thứ hai đã làm cho 13 triệu người Nhật rơi vào tình trạng thất nghiệp.',NULL),(26,'Một trong những dấu hiệu chứng tỏ Nhật Bản là siêu cường tài chính số 1 thế giới trong nửa sau những năm 80 của thế kỉ XX là','dự trữ vàng và ngoại tệ gấp 2 lần Mĩ, gấp 1,5 lần Cộng hòa Liên bang Đức, là chủ nợ của thế giới.','trở thành chủ nợ của thế giới, dự trữ vàng và ngoại tệ gấp 2,5 lần Cộng hòa Liên bang Đức, gấp 3 lần của Mĩ.','dự trữ vàng và ngoại tệ gấp 3 lần của Mĩ, gấp 1,5 lần Cộng hòa Liên bang Đức, là chủ nợ lớn nhất thế giới.','trở thành chủ nợ lớn nhất thế giới, dự trữ vàng và ngoại tệ gấp 1,5 lần Cộng hòa Dân chủ Đức, gấp 3 lần của Mĩ.','dự trữ vàng và ngoại tệ gấp 3 lần của Mĩ, gấp 1,5 lần Cộng hòa Liên bang Đức, là chủ nợ lớn nhất thế giới.',2,'Một trong những dấu hiệu chứng tỏ Nhật Bản là siêu cường tài chính số 1 thế giới trong nửa sau những năm 80 của thế kỉ XX là dự trữ vàng và ngoại tệ gấp 3 lần của Mĩ, gấp 1,5 lần Cộng hòa Liên bang Đức, là chủ nợ lớn nhất thế giới.',NULL),(27,'Trong cuộc khai thác thuộc địa lần thứ hai ở Việt Nam, tư bản Pháp đầu tư nhiều nhất vào ngành','công nghiệp.','nông nghiệp.','giao thông vận tải.','thương mại.','nông nghiệp.',2,'Trong cuộc khai thác thuộc địa lần thứ hai ở Việt Nam, tư bản Pháp đầu tư nhiều nhất vào ngành nông nghiệp.',NULL),(28,'Loại hình đồn điền nào phát triển mạnh ở Việt Nam trong thời kì 1919 - 1929?','Đồn điền trồng lúa.','Đồn điền trồng cao su.','Đồn điền trồng chè.','Đồn điền trồng cà phê.','Đồn điền trồng cao su.',2,'Trong cuộc khai thác thuộc địa lần thứ hai ở Việt Nam, tư bản Pháp đầu tư nhiều nhất vào ngành nông nghiệp, chủ yếu là đồn điền cao su. Do đó loại đồn điền này rất phát triển ở Việt Nam thời kì 1919 – 1929.',NULL),(29,'Cuộc khai thác thuộc địa lần hai của Pháp ở Việt Nam (1919 - 1929) có điểm gì tương đồng so với cuộc khai thác thuộc địa lần thứ nhất (1987 – 1914)?','Chú trọng đầu tư vào ngành khai thác mỏ.','Không đầu tư nhiều vào các ngành công nghiệp nặng.','Đẩy mạnh hoạt động thương mại xuất - nhập khẩu.','Không đầu tư nhiều vào xây dựng cơ sở hạ tầng.','Không đầu tư nhiều vào các ngành công nghiệp nặng.',2,'Trong cả hai cuộc khai thác thuộc địa, Pháp không đầu tư nhiều vào các ngành công nghiệp nặng nhằm cột chặt Đông Dương trong mối quan hệ phụ thuộc với công nghiệp chính quốc, biến Đông Dương thành thị trường độc chiếm của tư bản Pháp và Việt Nam vẫn là 1 nước có nền kinh tế lạc hậu, què quặt phụ thuộc vào nền kinh tế Pháp.',NULL),(30,'Sau Chiến tranh thế giới thứ nhất, giai cấp hoặc tầng lớp nào có đủ khả năng nắm lấy ngọn cờ lãnh đạo cách mạng Việt Nam ?','Giai cấp nông dân.','Giai cấp tư sản dân tộc.','Giai cấp công nhân.','Tầng lớp tiểu tư sản.','Giai cấp công nhân.',2,'Sau Chiến tranh thế giới thứ nhất, giai cấp công nhân có đủ khả năng nắm lấy ngọn cờ lãnh đạo cách mạng Việt Nam.',NULL),(31,'Thủ đoạn thâm độc nhất của tư bản Pháp nhằm nô dịch lâu dài nhân dân Việt Nam là','thâu tóm quyền hành trong tay người Pháp.','câu kết với triều đình phong kiến đàn áp nhân dân.','thực hiện chính sách “chia để trị\".','khủng bố, đàn áp nhân dân ta.','thực hiện chính sách “chia để trị\".',2,'Thủ đoạn thâm độc nhất của tư bản Pháp nhằm nô dịch lâu dài nhân dân Việt Nam là thực hiện chính sách “chia để trị\", chia nước ta thành ba Kì với các chế độ cai trị khác nhau.',NULL),(32,'Giai cấp tư sản Việt Nam vừa mới ra đời sau Chiến tranh thế giới thứ nhất đã','được thực dân Pháp dung dưỡng.','bị thực dân Pháp chèn ép, kìm hãm.','bị thực dân Pháp bóc lột nặng nề nhất.','được thực dân Pháp sử dụng làm tay sai đắc lực.','bị thực dân Pháp chèn ép, kìm hãm.',2,'Giai cấp tư sản Việt Nam vừa mới ra đời sau Chiến tranh thế giới thứ nhất đã bị thực dân Pháp chèn ép, kìm hãm nên bị phân hóa thành hai bộ phận: tư sản mại bản làm tay sai cho Pháp; tư sản dân tộc ít nhiều có tinh thần chống Pháp.',NULL),(33,'Hội Việt Nam Cách mạng Thanh niên là tổ chức chính trị theo khuynh hướng','dân chủ vô sản','dân chủ tư sản','tư sản','vô sản','vô sản',2,'Hội Việt Nam Cách mạng Thanh niên là tổ chức cách mạng theo khuynh hướng vô sản',NULL),(34,'Việt Nam Quốc dân đảng là tổ chức chính trị theo khuynh hướng','dân chủ tư sản','xã hội chủ nghĩa','vô sản','dân chủ nhân dân','dân chủ tư sản',2,'Việt Nam Quốc dân đảng là tổ chức chính trị theo khuynh hướng dân chủ tư sản',NULL),(35,'Nguyên nhân khách quan khiến khởi nghĩa Yên Bái (2/1930) thất bại là','thực dân Pháp còn mạnh','tổ chức Việt Nam Quốc dân đảng non yếu','khởi nghĩa nổ ra bị động','khởi nghĩa nổ ra chậm so với yêu cầu','thực dân Pháp còn mạnh',2,'Nguyên nhân khách quan khiến khởi nghĩa Yên Bái (2/1930) thất bại là thực dân Pháp còn mạnh',NULL),(36,'Vì sao cuối năm 1928 đầu năm 1929, những người cộng sản Việt Nam thấy cần thiết phải thành lập một Đảng Cộng sản để lãnh đạo phong trào đấu tranh giành độc lập, tự do cho dân tộc?','Phong trào giải phóng dân tộc ở nước ta phát triển mạnh.','Phong trào dân tộc và dân chủ, đặc biệt là phong trào công nhân phát triển mạnh.','Sự thất bại của cuộc khởi nghĩa Yên Bái, Việt Nam Quốc dân đảng tan rã','Sự phát triển mạnh của hai tổ chức Hội Việt Nam Cách mạng Thanh niên và Tân Việt Cách mạng đảng','Phong trào dân tộc và dân chủ, đặc biệt là phong trào công nhân phát triển mạnh.',2,'Cuối năm 1928 đầu năm 1929, do sự phát triển mạnh mẽ của phong trào dân tộc dân chủ ở Việt Nam, đặc biệt là phong trào công nhân, những người cộng sản Việt Nam thấy cần thiết phải thành lập một Đảng Cộng sản để lãnh đạo phong trào đấu tranh giành độc lập, tự do cho dân tộc',NULL),(37,'Lĩnh vực chuyên nghiên cứu về động vật thuộc lĩnh vực nào của khoa học tự nhiên?','Vật lí','Hoá học','Sinh học','Khoa học Trái Đất','Sinh học',3,'Lĩnh vực chuyên nghiên cứu về động vật thuộc lĩnh vực: Sinh học. Vì Sinh học nghiên cứu về các vật sống, mối quan hệ giữa chúng với nhau và môi trường',NULL),(38,'Vật nào sau đây được gọi là vật không sống?','Con mèo','Cây cau','Chú chuột','Cái thang','Cái thang',3,'Những vật là vật sống: con mèo, chú chuột, cây cau vì nó mang đặc điểm của vật sống. Vật không sống là cái thang vì nó không có khả năng: Trao đổi chất và chuyển hóa năng lượng, sinh trưởng, phát triển (bao gồm lớn lên), vận động, cảm ứng, sinh sản.',NULL),(39,'Thí nghiệm đo lực kéo hộp bút trên mặt bàn thuộc lĩnh vực khoa học nào?','Hóa học','Khoa học Trái Đất','Vật lí học','Thiên văn học','Vật lí học',3,'Thí nghiệm đo lực kéo hộp bút trên mặt bàn thuộc lĩnh vực Vật lí học',NULL),(40,'Để phân biệt 2 chất khí là oxygen và carbon dioxide, em nên lựa chọn cách nào dưới đây?','Ngửi mùi của hai khí đó','Quan sát màu sắc của hai khí đó','Hòa tan hai khí vào nước','Dẫn khí vào từng cây nến đang cháy, khí nào làm nến cháy tiếp thì đó là oxygen, khí làm tắt nến là carbon dioxide','Dẫn khí vào từng cây nến đang cháy, khí nào làm nến cháy tiếp thì đó là oxygen, khí làm tắt nến là carbon dioxide',3,'Khí oxygen duy trì sự sống và sự cháy, còn khí carbon dioxide không có tính chất này. Do đó để phân biệt hai khí: Dẫn khí vào từng cây nến đang cháy, khí nào làm nến cháy tiếp thì đó là oxygen, khí làm tắt nến là carbon dioxide.',''),(41,'Điều kiện phát sinh sự cháy là:','Chất cháy phải nóng đến nhiệt độ cháy','Phải tiếp xúc và có đủ khí oxygen cho sự cháy','Cần phải có chất xúc tác cho phản ứng cháy','Cả A và B','Cả A và B',3,'Điều kiện phát sinh sự cháy: Chất cháy phải nóng đến nhiệt độ cháy,  phải tiếp xúc và có đủ oxygen cho sự cháy.',NULL),(42,'Vật thể nào sau đây được xem là nguyên liệu?','Gạch nung','Đất sét','Niêu sành','Nồi nhôm','Đất sét',3,'Đất sét là vật liệu vì được con người được sử dụng như là nguyên liệu đầu vào trong một quá trình sản xuất để tạo ra những sản phẩm phục vụ cuộc sống',NULL),(43,'Khi đốt than đá để cung cấp nhiệt cho các nhà máy nhiệt điện thì than đá được gọi là','vật liệu','nhiên liệu','nguyên liệu','vật liệu hoặc nguyên liệu','nhiên liệu',3,'Than đá được dùng làm nhiên liệu trong các nhà máy nhiệt điện vì nó được dùng để đốt cung cấp nhiệt cho quá trình sản xuất điện',NULL),(44,'Lục lạp ở tế bào thực vật có chức năng gì?','Tổng hợp protein','Lưu trữ thông tin di truyền','Kiểm soát các chất đi vào và đi ra khỏi tế bào','Tiến hành quang hợp','Tiến hành quang hợp',3,'Lục lạp là bào quan chứa sắc tố có khả năng hấp thụ năng lượng ánh sáng để tiến hành quang hợp',NULL),(45,'Vì sao Mặt Trời chỉ chiếu sáng được một nửa của Trái Đất?','Vì Trái Đất luôn quay quanh trục của nó','Vì Trái Đất có dạng hình cầu','Vì Trái Đất không ở vị trí trung tâm trong hệ Mặt Trời','Vì có Mặt Trăng quay quanh Trái Đất nên có thời điểm Mặt Trăng che lấp Trái Đất','Vì Trái Đất có dạng hình cầu',3,'Mặt Trời chỉ chiếu sáng được một nửa của Trái Đất vì Trái đất có dạng hình khối cầu nên Mặt Trời luôn chỉ chiếu sáng được một nửa, nửa còn lại không được chiếu sáng',NULL),(46,'Trái Đất có những chuyển động nào?','Tự quay quanh trục từ tây sang đông','Quay quanh Mặt Trời','Quay quanh Mặt Trăng','Cả A và B','Cả A và B',3,'Trái Đất có những chuyển động: Tự quay quanh trục từ tây sang đông và Quay quanh Mặt Trời',''),(47,'Phát biểu nào sau đây giải thích được hiện tượng ngày và đêm trên Trái Đất?','Do hình khối cầu của Trái Đất luôn được Mặt Trời chiếu sáng một nửa','Do Trái Đất luôn quay quanh trục của nó','Do Trái Đất quay quanh Mặt Trời','Do Mặt Trăng quay quanh Trái Đất','Do hình khối cầu của Trái Đất luôn được Mặt Trời chiếu sáng một nửa',3,'Do hình khối cầu của Trái Đất luôn được Mặt Trời chiếu sáng một nửa nên nửa được Mặt Trời chiếu sáng là ban ngày, nửa còn lại không được Mặt Trời chiếu sáng là ban đêm',NULL),(48,'Năng lượng mà một vật có được do chuyển động được gọi là …','thế năng','động năng','nhiệt năng','cơ năng','động năng',3,'Năng lượng mà một vật có được do chuyển động được gọi là động năng',NULL),(49,'Cầu thủ đá quả bóng bay lên cao so với mặt đất. Hỏi tại độ cao bất kì quả bóng có những năng lượng nào?','thế năng đàn hồi và động năng','thế năng hấp dẫn và động năng','nhiệt năng và quang năng','năng lượng âm và hóa năng','thế năng hấp dẫn và động năng',3,'Quả bóng bay lên ở độ cao bất kì so với mặt đất có cả động năng và thế năng hấp dẫn',NULL),(50,'Năng lượng tái tạo là năng lượng từ những nguồn có đặc điểm gì?','Năng lượng tái tạo là năng lượng từ những nguồn liên tục được coi là vô hạn','Năng lượng tái tạo là năng lượng từ những nguồn không liên tục được coi là vô hạn','Năng lượng tái tạo là năng lượng từ nguồn nhiên liệu','Năng lượng tái tạo là năng lượng từ những nguồn có thế tái chế','Năng lượng tái tạo là năng lượng từ những nguồn liên tục được coi là vô hạn',3,'Năng lượng tái tạo là năng lượng từ những nguồn liên tục được coi là vô hạn',''),(51,'Đại diện nào dưới đây không thuộc ngành hạt kín?','Bèo tấm','Rau bợ','Nong tằm','Rau sam','Nong tằm',3,'Rau bợ có rễ thật và hệ mạch, sinh sản bằng bào tử, là đại diện của ngành Dương xỉ',NULL),(52,'Cây rêu thường mọc ở nơi có điều kiện như thế nào?','Nơi khô ráo','Nới thoáng đãng','Nơi ẩm ướt','Nơi nhiều ánh sáng','Nới thoáng đãng',3,'Vì rêu chưa có hệ mạch và rễ thật nên chúng cần sống ở những nơi ẩm ướt để có thể hấp thụ nước một cách tốt nhất',NULL),(53,'Đặc điểm cơ thể chia 3 phần, cơ thể phân đốt, đối xứng hai bên, bộ xương ngoài bằng chitin là của nhóm ngành nào?','Chân khớp','Giun đốt','Lưỡng cư','Cá','Chân khớp',3,'Chân khớp có cấu tạo cơ thể chia ba phần, cơ quan di chuyển là chân, cánh; cơ thể phân đốt, đối xứng hai bên, bộ xương ngoài bằng chittin, chân khớp động',''),(54,'Động vật không xương sống bao gồm?','Cá, lưỡng cư, bò sát, chim, thú','Ruột khoang, giun, thân mềm, chân khớp','Bò sát, lưỡng cư, chân khớp, ruột khoang','Thú, chim, ruột khoang, cá, giun','Ruột khoang, giun, thân mềm, chân khớp',3,'Động vật không xương sống bao gồm các ngành ruột khoang, giun, thân mềm, chân khớp',''),(55,'Vi khuẩn là gì?','Là nhóm sinh vật chưa có cấu tạo tế bào, kích thước hiển vi','Là nhóm sinh vật có cấu tạo nhân sơ, kích thước hiển vi','Là nhóm sinh vật có cấu tạo nhân thực, kích thước hiển vi','Là nhóm sinh vật chưa có cấu tạo tế bào, kích thước siêu hiển vi','Là nhóm sinh vật có cấu tạo nhân sơ, kích thước hiển vi',3,'Vi khuẩn là nhóm sinh vật có cấu tạo nhân sơ, kích thước hiển vi',''),(56,'Sản phẩm nào dưới đây không phải là sản phẩm của vi khuẩn?','Rượu nho','Dưa muối','Sữa chua','Kim chi','Rượu nho',3,'Rượu nho được lên men nhờ nấm men, không phải nhờ vi khuẩn',NULL),(57,'Có một tàu điện đi về hướng nam. Gió hướng tây bắc. Vậy khói từ con tàu sẽ theo hướng nào?','Đông','Tây','Bắc','Không hướng nào','Không hướng nào',4,NULL,NULL),(58,'Làm thế nào để không đụng phải ngón tay khi bạn đập búa vào một cái móng tay?','Cầm búa bằng cả 2 tay','Cầm búa bằng tay trái','Cầm búa bằng tay phải','Cầm búa bằng chân','Cầm búa bằng cả 2 tay',4,'',NULL),(59,'Nếu bạn nhìn thấy con chim đang đậu trên nhánh cây, làm sao để lấy nhánh cây mà không làm động con chim?','Bắt chim bỏ ra ngoài','Đợi chim bay đi','Ru chim ngủ rồi lấy','Cứ đến mà lấy','Đợi chim bay đi',4,NULL,NULL),(60,'Miệng rộng lớn nhưng không nói một từ, là con gì?','Con cá voi','Con khỉ đột','Con sông','Con voi','Con sông',4,'Con sông có cửa sông lớn hay còn gọi là miệng sông',NULL),(61,'Có bao nhiêu chữ C trong câu sau: \"Cơm, canh, cá, tất cả em đều thích\"?','1','2','3','4','1',4,NULL,NULL),(62,'Loại nước giải khát nào chứa Canxi và Sắt?','CoCa','Pepsi','Cafe','Sinh tố','Cafe',4,'Cafe = Ca + Fe',NULL),(63,'Cái gì bạn không mượn mà trả?','Tiền','Lời cảm ơn','Tình','Không có thứ gì','Lời cảm ơn',4,NULL,NULL),(64,'Vào lúc nửa đêm đồng hồ bất chợt gõ 13 tiếng, chuyện gì xảy ra?','Có ma','Chuyện xấu sẽ đến','Ngày tận thế','Mang đồng hồ đi sửa','Mang đồng hồ đi sửa',4,NULL,NULL),(65,'Tìm điểm sai trong câu: \"Dưới ánh nắng sương long lanh triệu cành hồng khoe sắc thắm\"','Ánh nắng sương','Triệu cành hồng','Khoe sắc thắm','Sương long lanh','Khoe sắc thắm',4,'Dưới ánh nắng sương long lanh triệu cành hồng khoe sắc khoé',NULL),(66,'8 chia 4 = ?','1/4','1/2','3/4','4/3','4/3',4,'8:4 = Tám : tư = Tứ : Tam = 4/3 = 1,333333',NULL),(67,'Một anh thanh niên đánh 1 bà già hỏi anh ấy mất gì?','Mất tiền','Mất trí','Mất sức','Mất dạy','Mất dạy',4,NULL,NULL),(68,'Có 2 người cha và 2 người con cùng chia đều số tiền là 27 nghìn. Hỏi mỗi người được bao nhiều?','6,75','7','7,5','9','9',4,'Có 3 người: ông, cha và con',NULL),(69,'Có 1 đàn chuột điếc đi ngang qua hố cống, hỏi có mấy con?','12','18','24','30','24',4,NULL,NULL),(70,'Cái gì mà đi thì nằm, đứng cũng nằm, nhưng nằm lại đứng?','Cái bàn','Cái ghế','Bàn chân','Bàn tay','Bàn chân',4,NULL,NULL),(71,'Bố mẹ có 6 người con trai, mỗi người con trai có một đứa em gái. Vậy gia đình đó có mấy người?','8','9','10','11','9',4,'bố + mẹ + 6 trai + 1 gái (em út) = 9 người\n',NULL),(72,'Chồng người da đen, vợ người da trắng vừa sinh một đứa bé, răng của nó màu gì?','Trắng','Đen','Vàng','Không có màu','Không có màu',4,'Mới đẻ nên em bé không có răng',''),(73,'Muốn cộng hai phân số có cùng mẫu số ta làm như sau','Ta lấy tử số cộng với tử số, mẫu số cộng với mẫu số','Ta lấy tử số cộng với tử số, mẫu số giữ nguyên','Ta giữ nguyên tử số, mẫu số cộng với mẫu số','Ta lấy tử số cộng với tử số, mẫu số nhân với mẫu số','Ta lấy tử số cộng với tử số, mẫu số giữ nguyên',1,'Muốn cộng hai phân số cùng mẫu số ta cộng hai tử số với nhau và giữ nguyên mẫu số',''),(74,'Cho hình vẽ như bên dưới. Trong tam giác MNP, MK là chiều cao tương ứng với:','Cạnh MN','Cạnh NP','Cạnh MP','Cạnh KN','Cạnh NP',1,'Hình tam giác MNP có MK vuông góc với NP, do đó MK là chiều cao tương ứng với cạnh đáy NP.','https://vietjack.com/giai-toan-lop-5/images/bai-tap-hinh-tam-giac-dien-tich-hinh-tam-giac-2.PNG'),(75,'Tính diện tích hình tam giác có độ dài đáy là 5m và chiều cao là 27dm','67,5dm2','67,5dm2','675dm2','675dm2','675dm2',1,'Đổi 5m = 50dm. Diện tích tam giác đó là: 50x27/2=675 dm2',NULL),(76,'Tính diện tích tam giác vuông ABC có kích thước như hình vẽ bên dưới','140cm2','280dm2','14dm2','28cm2','140cm2',1,'Đổi 2dm = 20cm. Diện tích tam giác vuông ABC là: 14x20/2=140 cm2','https://vietjack.com/giai-toan-lop-5/images/bai-tap-hinh-tam-giac-dien-tich-hinh-tam-giac-5.PNG'),(78,'Tính diện tích hình tam giác AHK. Biết hình vuông ABCD có cạnh 16cm và BK = KC, DH = HC','156cm2','128cm2','96cm2','64cm2','96cm2',1,'','https://vietjack.com/giai-toan-lop-5/images/bai-tap-hinh-tam-giac-dien-tich-hinh-tam-giac-10.PNG'),(79,'Một thửa ruộng hình tam giác vuông có tổng hai cạnh góc vuông là 72m và cạnh góc vuông này bằng 0,6 lần cạnh góc vuông kia. Trên thửa ruộng này người ta trồng lúa, trung bình cứ 100m2 thu được 60kg thóc. Hỏi trên cả thửa ruộng, người ta thu hoạch được bao nhiêu tạ thóc?','3,645 tạ','7,29 tạ','364,5 tạ','729 tạ','3,645 tạ',1,NULL,NULL),(80,'Cho tam giác ABC có BC = 67dm. Nếu kéo dài đoạn BC thêm một đoạn CD = 15dm thì diện tích tam giác tăng thêm 255dm2. Tính diện tích tam giác ABC.','568,5dm2','1139dm2','1394dm2','2278dm2','1139dm2',1,NULL,NULL),(81,'Sắp xếp năm bạn học sinh An, Bình, Chi, Dũng, Lệ vào một chiếc ghế dài có 5 chỗ ngồi. Số cách sắp xếp sao cho bạn Chi luôn ngồi chính giữa là','24','120','60','16','24',1,'Xếp bạn Chi ngồi giữa có 1 cách. Số cách xếp 4 bạn sinh An, Bình, Dũng, Lệ vào 4 chỗ còn lại là một hoán vị của 4 phần tử nên có có 4! = 24 cách. Vậy có 1.24 = 24 cách xếp.',NULL),(82,'Một cầu vồng có 7 màu, vậy 3 chiếc cầu vồng sẽ có tổng bao nhiêu màu?','7 màu','14 màu','21 màu','28 màu','7 màu',1,'Vẫn là 7 màu','https://mamnonhoami.edu.vn/wp-content/uploads/2021/04/bai-tho-cau-vong-tho-thieu-nhi.jpg'),(83,'2 con vịt đi trước 2 con vịt, 2 con vịt đi sau 2 con vịt, 2 con vịt đi giữa 2 con vịt. Hỏi tổng cộng có mấy con vịt?','3 con','4 con','5 con','6 con','4 con',1,NULL,NULL),(84,'Năm nay ông 56 tuổi, cháu 14 tuổi. Hỏi bao nhiêu năm nữa thì tuổi ông gấp đôi tuổi cháu?','8 năm','18 năm','28 năm','38 năm','28 năm',1,'Gọi x là số năm cần tìm. 56 + x = 2 (14 + x) <=> 56 + x = 28 + 2x <=> x = 28 năm nữa',NULL),(85,'Hãy trả lời nhanh câu đố sau, đừng để các con số \"đánh lừa\" trí thông minh của bạn','Số 3','Số 4','Số 5','Số 6','Số 3',1,'Là số 3. Tính theo hàng, số trong hình bầu dục trung tâm bằng tổng của số bên trái và bên phải, chia cho 3.','https://cdv.voh.com.vn/voh/Image/2022/07/31/cau-do-toan-hoc-voh-6.jpg'),(86,'Điền số thích hợp vào vị trí dấu hỏi chấm','Số 42','Số 52','Số 62','Số bất kỳ','Số 52',1,'Số 52. Quy luật: Tổng các số ở góc tương ứng của mỗi tam giác bằng 100. Ta có: 45 + 15 + 40 = 100; 28 + 64 + 8 = 100. Vậy nên: 16 + 32 + 52 = 100.','https://cdv.voh.com.vn/voh/Image/2022/07/31/cau-do-toan-hoc-voh-7.jpg'),(87,'Theo bạn con số còn thiếu trong hình dưới đây là bao nhiêu','Số 4','Số 5','Số 6','Số 7','Số 7',1,'Số 7. Trong mỗi đoạn của vòng tròn, nhân 2 số bên ngoài với nhau và trừ tổng của 2 số bên ngoài ở đoạn đối diện để đưa ra giá trị trong đoạn bên trong','https://cdv.voh.com.vn/voh/Image/2022/07/31/cau-do-toan-hoc-voh-15.jpg'),(88,'Dành thời gian tập trung, bạn nhìn vào các con số và tìm quy luật của nó, từ đó tìm ra con số còn thiếu là số mấy','Số 3','Số 4','Số 5','Số 6','Số 5',1,'Số 5. Trong mỗi sơ đồ, tổng của ba số trên bằng tích của hai số dưới.','https://cdv.voh.com.vn/voh/Image/2022/07/31/cau-do-toan-hoc-voh-13.jpg'),(89,'Trong chuỗi các dãy số sau, có 1 số bị thiếu, bạn hãy tìm quy luật và điền vào dấu hỏi chấm','Sô 1','Sô 2','Sô 3','Sô 4','Sô 4',1,'Số 4. Nhìn theo hàng từ trên xuống dưới, tổng các chữ số trong mỗi hàng tăng thêm 2, từ 20 đến 30.','https://cdv.voh.com.vn/voh/Image/2022/07/31/cau-do-toan-hoc-voh-11.jpg');
/*!40000 ALTER TABLE `question` ENABLE KEYS */;
UNLOCK TABLES;

--
-- Table structure for table `user`
--

DROP TABLE IF EXISTS `user`;
/*!40101 SET @saved_cs_client     = @@character_set_client */;
/*!50503 SET character_set_client = utf8mb4 */;
CREATE TABLE `user` (
  `user_id` int NOT NULL AUTO_INCREMENT,
  `email` varchar(45) COLLATE utf8mb3_bin NOT NULL,
  `password` varchar(45) COLLATE utf8mb3_bin NOT NULL,
  `coin` varchar(45) COLLATE utf8mb3_bin DEFAULT NULL,
  `fullname` varchar(45) CHARACTER SET utf8mb3 COLLATE utf8mb3_general_ci DEFAULT NULL,
  `image_path` varchar(100) COLLATE utf8mb3_bin DEFAULT NULL,
  PRIMARY KEY (`user_id`)
) ENGINE=InnoDB AUTO_INCREMENT=7 DEFAULT CHARSET=utf8mb3 COLLATE=utf8mb3_bin;
/*!40101 SET character_set_client = @saved_cs_client */;

--
-- Dumping data for table `user`
--

LOCK TABLES `user` WRITE;
/*!40000 ALTER TABLE `user` DISABLE KEYS */;
INSERT INTO `user` VALUES (1,'nam@gmail.com','123','250','Nguyen Van Nam','avatar/nam_3.png'),(2,'thi@gmail.com','123','300','Nguyễn Việt Thi','avatar/thi.jpg'),(3,'hoa@gmail.com','123','250','Phạm Thái Hòa','avatar/hoa.jpg'),(4,'chung@gmail.com','123','400','Trần Văn Chung','avatar/chung.jpg'),(5,'quynh@gmail.com','123','250','Pham Thi Quynh',NULL),(6,'trang@gmail.com','123','250','Ngo Thi Trang',NULL);
/*!40000 ALTER TABLE `user` ENABLE KEYS */;
UNLOCK TABLES;
/*!40103 SET TIME_ZONE=@OLD_TIME_ZONE */;

/*!40101 SET SQL_MODE=@OLD_SQL_MODE */;
/*!40014 SET FOREIGN_KEY_CHECKS=@OLD_FOREIGN_KEY_CHECKS */;
/*!40014 SET UNIQUE_CHECKS=@OLD_UNIQUE_CHECKS */;
/*!40101 SET CHARACTER_SET_CLIENT=@OLD_CHARACTER_SET_CLIENT */;
/*!40101 SET CHARACTER_SET_RESULTS=@OLD_CHARACTER_SET_RESULTS */;
/*!40101 SET COLLATION_CONNECTION=@OLD_COLLATION_CONNECTION */;
/*!40111 SET SQL_NOTES=@OLD_SQL_NOTES */;

-- Dump completed on 2022-12-27  0:52:19
